{"cameraMode":{"drawMode":0,"name":"Shaded","section":"Shading Mode"},"sceneLighting":true,"audioPlay":false,"sceneViewState":{"showFog":true,"showMaterialUpdate":false,"showSkybox":true,"showFlares":true,"showImageEffects":true,"showParticleSystems":true},"in2DMode":false,"pivot":{"x":5.063066482543945,"y":0.9438890218734741,"z":4.16033935546875},"rotation":{"x":0.036080289632081988,"y":0.9458519816398621,"z":-0.11290781199932099,"w":0.3022538423538208},"size":4.217806339263916,"orthographic":true}