{"cameraMode":{"drawMode":0,"name":"Shaded","section":"Shading Mode"},"sceneLighting":true,"audioPlay":false,"sceneViewState":{"showFog":true,"showMaterialUpdate":false,"showSkybox":true,"showFlares":true,"showImageEffects":true,"showParticleSystems":true},"in2DMode":false,"pivot":{"x":5.2089385986328129,"y":0.27532958984375,"z":4.27294921875},"rotation":{"x":-0.022672126069664956,"y":0.9481761455535889,"z":-0.3092877268791199,"w":-0.0695318654179573},"size":10.683835983276368,"orthographic":true}